image_file,label,age,sex,patient_id,view_position,findings
00000150_000.jpg,OTHER,54,F,150,PA,Effusion
00000150_002.jpg,OTHER,55,F,150,AP,Atelectasis|Infiltration|Pneumonia
00000312_001.jpg,OTHER,86,M,312,PA,Emphysema
00000312_002.jpg,NORMAL,86,M,312,PA,No Finding
00000324_002.jpg,NORMAL,32,M,324,PA,No Finding
00000467_011.jpg,PNEUMOTHORAX,52,M,467,AP,Emphysema|Pneumothorax
00000533_004.jpg,OTHER,62,F,533,PA,Fibrosis
00000732_004.jpg,PNEUMOTHORAX,85,F,732,PA,Cardiomegaly|Effusion|Fibrosis|Pleural_Thickening|Pneumothorax
00000865_000.jpg,PNEUMOTHORAX,50,M,865,AP,Pneumothorax
00001093_005.jpg,OTHER,64,F,1093,PA,Infiltration
00001093_007.jpg,NORMAL,66,F,1093,PA,No Finding
00001517_000.jpg,NORMAL,19,M,1517,AP,No Finding
00001517_002.jpg,OTHER,19,M,1517,AP,Atelectasis|Consolidation
00001673_003.jpg,NORMAL,30,F,1673,PA,No Finding
00001836_001.jpg,OTHER,47,F,1836,AP,Consolidation|Effusion
00002350_001.jpg,OTHER,51,F,2350,PA,Atelectasis
00002424_005.jpg,NORMAL,23,M,2424,AP,No Finding
00003333_000.jpg,OTHER,36,F,3333,PA,Atelectasis|Consolidation|Infiltration|Mass|Nodule
00004381_023.jpg,NORMAL,20,M,4381,AP,No Finding
00004526_010.jpg,OTHER,33,F,4526,AP,Consolidation
00004533_004.jpg,OTHER,27,M,4533,PA,Atelectasis
00005090_001.jpg,OTHER,53,F,5090,AP,Infiltration
00005090_002.jpg,OTHER,53,F,5090,AP,Infiltration
00005353_001.jpg,NORMAL,30,M,5353,AP,No Finding
00005476_002.jpg,OTHER,57,F,5476,PA,Emphysema
00005681_008.jpg,PNEUMOTHORAX,46,M,5681,PA,Pneumothorax
00006165_000.jpg,OTHER,26,F,6165,PA,Fibrosis
00006291_000.jpg,OTHER,71,F,6291,PA,Consolidation|Nodule
00006586_000.jpg,OTHER,60,M,6586,PA,Nodule
00006586_001.jpg,OTHER,60,M,6586,PA,Mass|Nodule|Pleural_Thickening
00006586_002.jpg,OTHER,61,M,6586,PA,Nodule
00006890_000.jpg,NORMAL,31,M,6890,PA,No Finding
00007034_074.jpg,PNEUMOTHORAX,26,F,7034,AP,Fibrosis|Pneumothorax
00007034_076.jpg,PNEUMOTHORAX,26,F,7034,AP,Fibrosis|Pleural_Thickening|Pneumothorax
00007498_000.jpg,OTHER,62,M,7498,PA,Fibrosis
00007551_002.jpg,NORMAL,23,M,7551,PA,No Finding
00007728_002.jpg,NORMAL,26,M,7728,AP,No Finding
00007750_008.jpg,PNEUMOTHORAX,55,M,7750,PA,Atelectasis|Effusion|Pneumothorax
00007768_000.jpg,OTHER,60,F,7768,PA,Atelectasis|Effusion|Nodule
00008339_000.jpg,OTHER,55,M,8339,PA,Cardiomegaly
00008339_001.jpg,NORMAL,55,M,8339,PA,No Finding
00008339_002.jpg,OTHER,56,M,8339,PA,Atelectasis|Infiltration
00008508_002.jpg,OTHER,64,M,8508,PA,Cardiomegaly
00008566_003.jpg,PNEUMOTHORAX,34,F,8566,PA,Atelectasis|Emphysema|Pneumothorax
00008566_004.jpg,PNEUMOTHORAX,34,F,8566,PA,Atelectasis|Infiltration|Pleural_Thickening|Pneumothorax
00008841_012.jpg,PNEUMOTHORAX,48,F,8841,PA,Atelectasis|Emphysema|Pneumothorax
00008841_014.jpg,PNEUMOTHORAX,48,F,8841,PA,Atelectasis|Emphysema|Pneumothorax
00008841_018.jpg,PNEUMOTHORAX,48,F,8841,PA,Atelectasis|Pneumothorax
00009669_000.jpg,OTHER,38,M,9669,AP,Atelectasis|Mass
00009669_001.jpg,NORMAL,38,M,9669,AP,No Finding
00009669_002.jpg,NORMAL,38,M,9669,AP,No Finding
00009745_000.jpg,OTHER,54,F,9745,PA,Cardiomegaly
00009745_001.jpg,NORMAL,44,F,9745,AP,No Finding
00009979_000.jpg,OTHER,72,M,9979,PA,Consolidation|Fibrosis|Mass
00010012_035.jpg,PNEUMOTHORAX,52,M,10012,AP,Consolidation|Emphysema|Pneumothorax
00010172_000.jpg,OTHER,58,F,10172,PA,Effusion
00010172_001.jpg,OTHER,59,F,10172,AP,Atelectasis|Effusion
00010172_002.jpg,OTHER,59,F,10172,PA,Atelectasis|Effusion|Pleural_Thickening
00010677_005.jpg,PNEUMOTHORAX,55,F,10677,AP,Effusion|Pneumothorax
00011136_006.jpg,OTHER,27,M,11136,PA,Effusion|Infiltration
00011157_000.jpg,OTHER,23,M,11157,PA,Mass
00011157_001.jpg,OTHER,23,M,11157,PA,Mass
00011269_008.jpg,PNEUMOTHORAX,41,M,11269,PA,Consolidation|Pneumothorax
00011831_003.jpg,PNEUMOTHORAX,56,F,11831,AP,Pneumothorax
00011831_004.jpg,PNEUMOTHORAX,56,F,11831,PA,Pneumothorax
00011986_002.jpg,NORMAL,61,F,11986,PA,No Finding
00012005_000.jpg,NORMAL,47,M,12005,PA,No Finding
00012012_001.jpg,PNEUMOTHORAX,42,F,12012,PA,Pneumothorax
00012012_007.jpg,PNEUMOTHORAX,37,F,12012,PA,Effusion|Pneumonia|Pneumothorax
00012156_000.jpg,OTHER,57,M,12156,PA,Nodule
00012156_002.jpg,OTHER,58,M,12156,PA,Nodule
00012261_001.jpg,OTHER,60,M,12261,AP,Atelectasis|Cardiomegaly|Pneumonia
00012364_000.jpg,NORMAL,51,F,12364,PA,No Finding
00012386_002.jpg,NORMAL,49,F,12386,AP,No Finding
00012515_000.jpg,OTHER,27,F,12515,PA,Mass
00012636_000.jpg,OTHER,32,M,12636,PA,Atelectasis|Infiltration|Nodule
00012636_001.jpg,NORMAL,32,M,12636,PA,No Finding
00012636_002.jpg,OTHER,32,M,12636,PA,Infiltration
00012829_002.jpg,OTHER,52,M,12829,AP,Effusion
00012892_000.jpg,NORMAL,38,M,12892,PA,No Finding
00012892_001.jpg,NORMAL,40,M,12892,PA,No Finding
00013176_001.jpg,NORMAL,54,F,13176,PA,No Finding
00013272_000.jpg,OTHER,49,M,13272,PA,Consolidation|Infiltration
00013272_001.jpg,NORMAL,49,M,13272,PA,No Finding
00013508_001.jpg,OTHER,47,M,13508,AP,Atelectasis|Mass|Nodule
00013862_001.jpg,OTHER,52,M,13862,PA,Pleural_Thickening
00013884_001.jpg,OTHER,46,M,13884,PA,Fibrosis
00013991_000.jpg,OTHER,56,F,13991,PA,Infiltration|Mass
00013991_002.jpg,OTHER,56,F,13991,AP,Mass
00014014_003.jpg,PNEUMOTHORAX,19,F,14014,PA,Atelectasis|Pleural_Thickening|Pneumothorax
00014203_000.jpg,NORMAL,29,M,14203,PA,No Finding
00014358_020.jpg,PNEUMOTHORAX,43,F,14358,PA,Mass|Pneumothorax
00014551_009.jpg,PNEUMOTHORAX,19,F,14551,PA,Effusion|Pneumothorax
00014675_002.jpg,PNEUMOTHORAX,67,F,14675,PA,Pneumothorax
00014719_002.jpg,NORMAL,60,F,14719,PA,No Finding
00014906_001.jpg,NORMAL,65,M,14906,AP,No Finding
00014906_002.jpg,NORMAL,65,M,14906,AP,No Finding
00014996_003.jpg,NORMAL,49,M,14996,PA,No Finding
00015058_000.jpg,NORMAL,71,M,15058,AP,No Finding
00015072_000.jpg,NORMAL,60,F,15072,PA,No Finding
00015072_001.jpg,OTHER,60,F,15072,AP,Emphysema|Mass
00015192_001.jpg,OTHER,35,F,15192,PA,Infiltration
00015262_000.jpg,NORMAL,63,F,15262,PA,No Finding
00015583_000.jpg,OTHER,62,M,15583,PA,Nodule
00015794_000.jpg,OTHER,66,M,15794,PA,Cardiomegaly|Nodule
00015794_001.jpg,OTHER,66,M,15794,PA,Infiltration|Nodule
00016417_000.jpg,OTHER,58,M,16417,PA,Effusion
00016417_001.jpg,OTHER,58,M,16417,PA,Effusion
00016417_002.jpg,OTHER,58,M,16417,PA,Effusion
00016807_004.jpg,PNEUMOTHORAX,59,M,16807,PA,Atelectasis|Emphysema|Pneumothorax
00016807_005.jpg,PNEUMOTHORAX,59,M,16807,PA,Atelectasis|Emphysema|Pneumothorax
00016807_015.jpg,PNEUMOTHORAX,59,M,16807,PA,Pneumothorax
00016837_000.jpg,OTHER,76,F,16837,PA,Nodule
00017081_000.jpg,OTHER,39,F,17081,AP,Edema
00017448_000.jpg,OTHER,57,M,17448,PA,Cardiomegaly|Mass|Pleural_Thickening
00017500_001.jpg,NORMAL,54,M,17500,PA,No Finding
00017500_002.jpg,OTHER,54,M,17500,PA,Atelectasis|Effusion
00017714_022.jpg,PNEUMOTHORAX,20,M,17714,AP,Emphysema|Infiltration|Pneumothorax
00018203_000.jpg,OTHER,42,F,18203,PA,Fibrosis
00018203_002.jpg,OTHER,43,F,18203,PA,Mass
00018366_015.jpg,PNEUMOTHORAX,64,F,18366,AP,Pneumothorax
00018615_000.jpg,OTHER,18,M,18615,PA,Infiltration
00018657_016.jpg,NORMAL,70,F,18657,AP,No Finding
00018921_002.jpg,PNEUMOTHORAX,42,F,18921,AP,Pneumothorax
00018921_004.jpg,PNEUMOTHORAX,42,F,18921,AP,Pneumothorax
00019013_000.jpg,OTHER,43,M,19013,AP,Mass
00019275_003.jpg,OTHER,50,F,19275,PA,Pleural_Thickening
00019275_005.jpg,NORMAL,50,F,19275,PA,No Finding
00019684_001.jpg,NORMAL,52,M,19684,PA,No Finding
00019765_000.jpg,NORMAL,70,M,19765,PA,No Finding
00019892_003.jpg,PNEUMOTHORAX,58,F,19892,PA,Pneumothorax
00020065_012.jpg,NORMAL,60,M,20065,PA,No Finding
00020146_006.jpg,PNEUMOTHORAX,22,M,20146,PA,Pneumothorax
00020429_000.jpg,OTHER,59,M,20429,PA,Pleural_Thickening
00020603_000.jpg,OTHER,64,M,20603,PA,Emphysema
00020603_002.jpg,OTHER,65,M,20603,PA,Infiltration
00020656_000.jpg,NORMAL,47,M,20656,PA,No Finding
00020673_002.jpg,OTHER,31,F,20673,AP,Infiltration
00020791_002.jpg,OTHER,30,M,20791,PA,Infiltration
00020810_000.jpg,NORMAL,66,M,20810,AP,No Finding
00020810_002.jpg,OTHER,66,M,20810,AP,Atelectasis
00020857_003.jpg,PNEUMOTHORAX,38,M,20857,AP,Atelectasis|Pneumothorax
00021321_001.jpg,PNEUMOTHORAX,48,F,21321,PA,Pneumothorax
00021321_002.jpg,PNEUMOTHORAX,48,F,21321,AP,Effusion|Infiltration|Pneumothorax
00021458_000.jpg,OTHER,60,F,21458,PA,Cardiomegaly|Nodule|Pneumonia
00021862_000.jpg,OTHER,58,M,21862,PA,Effusion|Nodule|Pleural_Thickening
00021862_004.jpg,OTHER,58,M,21862,PA,Atelectasis|Nodule
00022215_010.jpg,OTHER,53,F,22215,AP,Cardiomegaly|Edema
00022237_026.jpg,NORMAL,68,M,22237,PA,No Finding
00022727_001.jpg,OTHER,54,F,22727,PA,Effusion|Infiltration|Nodule|Pleural_Thickening
00022787_001.jpg,OTHER,43,M,22787,PA,Pleural_Thickening
00023065_009.jpg,PNEUMOTHORAX,49,F,23065,AP,Atelectasis|Pneumothorax
00023075_002.jpg,PNEUMOTHORAX,29,M,23075,PA,Emphysema|Pneumothorax
00023078_003.jpg,PNEUMOTHORAX,64,M,23078,PA,Atelectasis|Nodule|Pneumothorax
00023156_004.jpg,PNEUMOTHORAX,65,F,23156,PA,Infiltration|Pneumothorax
00023156_005.jpg,PNEUMOTHORAX,65,F,23156,PA,Emphysema|Fibrosis|Infiltration|Pneumothorax
00025529_002.jpg,PNEUMOTHORAX,35,M,25529,AP,Mass|Pneumothorax
00025686_000.jpg,OTHER,52,M,25686,PA,Atelectasis|Effusion
00025707_000.jpg,OTHER,60,F,25707,PA,Nodule
00025707_001.jpg,OTHER,60,F,25707,PA,Infiltration
00025707_002.jpg,NORMAL,60,F,25707,AP,No Finding
00026078_001.jpg,PNEUMOTHORAX,18,M,26078,AP,Pneumothorax
00026078_002.jpg,PNEUMOTHORAX,18,M,26078,PA,Infiltration|Pneumothorax
00026078_003.jpg,PNEUMOTHORAX,18,M,26078,AP,Pneumothorax
00026125_001.jpg,OTHER,56,F,26125,PA,Nodule
00026125_002.jpg,OTHER,56,F,26125,AP,Edema
00026287_001.jpg,NORMAL,30,F,26287,PA,No Finding
00026319_000.jpg,OTHER,39,F,26319,PA,Infiltration|Mass|Nodule
00026818_000.jpg,OTHER,31,M,26818,AP,Effusion|Infiltration|Nodule
00026886_003.jpg,PNEUMOTHORAX,48,F,26886,PA,Infiltration|Pneumothorax
00027079_009.jpg,PNEUMOTHORAX,52,M,27079,PA,Fibrosis|Pneumothorax
00027079_010.jpg,PNEUMOTHORAX,52,M,27079,PA,Fibrosis|Pneumothorax
00027278_005.jpg,PNEUMOTHORAX,55,F,27278,PA,Infiltration|Pneumothorax
00027278_008.jpg,PNEUMOTHORAX,55,F,27278,PA,Infiltration|Pneumothorax
00027577_000.jpg,NORMAL,68,M,27577,PA,No Finding
00027631_001.jpg,NORMAL,63,M,27631,AP,No Finding
00027726_035.jpg,PNEUMOTHORAX,58,M,27726,AP,Pneumothorax
00027726_036.jpg,PNEUMOTHORAX,58,M,27726,AP,Infiltration|Pneumothorax
00027866_002.jpg,OTHER,33,F,27866,AP,Atelectasis|Effusion|Infiltration
00028123_001.jpg,NORMAL,19,F,28123,AP,No Finding
00028155_001.jpg,NORMAL,61,F,28155,AP,No Finding
00028158_000.jpg,NORMAL,27,F,28158,PA,No Finding
00028159_000.jpg,NORMAL,21,F,28159,PA,No Finding
00028203_000.jpg,NORMAL,29,F,28203,PA,No Finding
00028203_001.jpg,NORMAL,30,F,28203,PA,No Finding
00028206_000.jpg,NORMAL,44,M,28206,PA,No Finding
00028213_000.jpg,NORMAL,42,F,28213,PA,No Finding
00028226_000.jpg,NORMAL,85,F,28226,PA,No Finding
00028229_000.jpg,NORMAL,36,F,28229,PA,No Finding
00028252_000.jpg,NORMAL,29,F,28252,PA,No Finding
00028331_000.jpg,NORMAL,19,M,28331,PA,No Finding
00028428_000.jpg,NORMAL,20,F,28428,AP,No Finding
00028448_000.jpg,NORMAL,57,F,28448,AP,No Finding
00028448_001.jpg,NORMAL,57,F,28448,AP,No Finding
00028452_001.jpg,OTHER,59,F,28452,AP,Atelectasis|Effusion|Infiltration
00028473_000.jpg,NORMAL,52,M,28473,PA,No Finding
00028486_000.jpg,NORMAL,37,F,28486,PA,No Finding
00028513_001.jpg,NORMAL,76,M,28513,PA,No Finding
00028513_002.jpg,NORMAL,77,M,28513,PA,No Finding
00028514_000.jpg,NORMAL,38,M,28514,PA,No Finding
00028554_000.jpg,NORMAL,19,M,28554,PA,No Finding
00028566_000.jpg,NORMAL,57,F,28566,PA,No Finding
00028571_000.jpg,NORMAL,67,F,28571,PA,No Finding
00028664_000.jpg,NORMAL,43,F,28664,AP,No Finding
00028664_001.jpg,NORMAL,43,F,28664,AP,No Finding
00028664_002.jpg,NORMAL,43,F,28664,AP,No Finding
00028675_000.jpg,NORMAL,48,F,28675,PA,No Finding
00028682_001.jpg,NORMAL,55,M,28682,AP,No Finding
00028692_000.jpg,NORMAL,25,M,28692,PA,No Finding
00028729_000.jpg,NORMAL,66,F,28729,AP,No Finding
00028783_000.jpg,NORMAL,56,M,28783,PA,No Finding
00028856_002.jpg,PNEUMOTHORAX,55,F,28856,PA,Atelectasis|Pneumothorax
00028927_000.jpg,NORMAL,63,M,28927,PA,No Finding
00028962_000.jpg,NORMAL,56,F,28962,PA,No Finding
00028988_000.jpg,NORMAL,32,M,28988,PA,No Finding
00029028_000.jpg,NORMAL,58,F,29028,PA,No Finding
00029060_000.jpg,NORMAL,48,M,29060,PA,No Finding
00029071_000.jpg,NORMAL,22,M,29071,PA,No Finding
00029092_000.jpg,NORMAL,25,M,29092,PA,No Finding
00029098_000.jpg,NORMAL,53,M,29098,PA,No Finding
00029114_000.jpg,NORMAL,68,M,29114,PA,No Finding
00029145_000.jpg,NORMAL,46,M,29145,AP,No Finding
00029177_001.jpg,NORMAL,48,M,29177,PA,No Finding
00029200_001.jpg,NORMAL,58,M,29200,PA,No Finding
00029259_008.jpg,PNEUMOTHORAX,34,F,29259,PA,Infiltration|Pneumothorax
00029259_011.jpg,PNEUMOTHORAX,34,F,29259,AP,Pneumothorax
00029282_000.jpg,NORMAL,64,M,29282,PA,No Finding
00029293_000.jpg,NORMAL,60,F,29293,PA,No Finding
00029302_000.jpg,NORMAL,59,F,29302,PA,No Finding
00029312_000.jpg,NORMAL,68,F,29312,PA,No Finding
00029318_000.jpg,NORMAL,30,F,29318,PA,No Finding
00029318_001.jpg,NORMAL,31,F,29318,PA,No Finding
00029320_000.jpg,NORMAL,50,M,29320,PA,No Finding
00029342_001.jpg,NORMAL,47,M,29342,PA,No Finding
00029349_000.jpg,NORMAL,39,F,29349,PA,No Finding
00029386_000.jpg,NORMAL,32,F,29386,PA,No Finding
00029388_000.jpg,NORMAL,28,M,29388,PA,No Finding
00029398_000.jpg,NORMAL,31,F,29398,PA,No Finding
00029405_001.jpg,NORMAL,72,F,29405,PA,No Finding
00029421_000.jpg,NORMAL,51,F,29421,PA,No Finding
00029432_000.jpg,NORMAL,35,F,29432,PA,No Finding
00029456_000.jpg,NORMAL,24,M,29456,PA,No Finding
00029462_000.jpg,NORMAL,20,F,29462,PA,No Finding
00029493_000.jpg,NORMAL,45,M,29493,PA,No Finding
00029502_001.jpg,OTHER,54,M,29502,AP,Consolidation
00029506_000.jpg,NORMAL,51,F,29506,PA,No Finding
00029516_000.jpg,NORMAL,52,F,29516,AP,No Finding
00029517_000.jpg,NORMAL,42,M,29517,PA,No Finding
00029531_001.jpg,NORMAL,40,F,29531,PA,No Finding
00029532_000.jpg,OTHER,57,M,29532,AP,Atelectasis|Mass
00029532_001.jpg,OTHER,57,M,29532,AP,Mass
00029559_000.jpg,NORMAL,27,M,29559,PA,No Finding
00029569_000.jpg,NORMAL,48,M,29569,PA,No Finding
00029588_002.jpg,OTHER,46,M,29588,AP,Infiltration
00029608_000.jpg,NORMAL,57,M,29608,PA,No Finding
00029620_000.jpg,NORMAL,78,M,29620,PA,No Finding
00029691_000.jpg,NORMAL,25,M,29691,PA,No Finding
00029707_000.jpg,NORMAL,75,F,29707,PA,No Finding
00029714_000.jpg,NORMAL,71,M,29714,PA,No Finding
00029816_000.jpg,NORMAL,26,F,29816,PA,No Finding
00029832_000.jpg,NORMAL,46,F,29832,PA,No Finding
00029853_000.jpg,NORMAL,54,F,29853,PA,No Finding
00029884_001.jpg,NORMAL,67,M,29884,PA,No Finding
00029893_001.jpg,NORMAL,52,F,29893,PA,No Finding
00029937_000.jpg,NORMAL,55,F,29937,PA,No Finding
00029950_002.jpg,PNEUMOTHORAX,36,F,29950,AP,Infiltration|Pneumothorax
00030007_000.jpg,NORMAL,52,F,30007,PA,No Finding
00030015_000.jpg,NORMAL,35,M,30015,PA,No Finding
00030031_000.jpg,NORMAL,55,F,30031,PA,No Finding
00030046_002.jpg,PNEUMOTHORAX,68,F,30046,PA,Effusion|Pneumothorax
00030046_003.jpg,PNEUMOTHORAX,68,F,30046,PA,Emphysema|Pneumothorax
00030083_000.jpg,NORMAL,54,M,30083,PA,No Finding
00030109_000.jpg,NORMAL,36,M,30109,PA,No Finding
00030117_000.jpg,NORMAL,35,F,30117,PA,No Finding
00030141_001.jpg,NORMAL,38,F,30141,AP,No Finding
00030143_000.jpg,NORMAL,59,M,30143,PA,No Finding
00030148_000.jpg,NORMAL,52,F,30148,PA,No Finding
00030172_000.jpg,NORMAL,73,F,30172,PA,No Finding
00030194_000.jpg,NORMAL,21,M,30194,PA,No Finding
00030307_001.jpg,NORMAL,36,F,30307,AP,No Finding
00030328_000.jpg,NORMAL,34,M,30328,PA,No Finding
00030388_001.jpg,NORMAL,60,F,30388,PA,No Finding
00030421_000.jpg,NORMAL,60,M,30421,PA,No Finding
00030472_000.jpg,NORMAL,37,F,30472,PA,No Finding
00030512_000.jpg,NORMAL,45,F,30512,PA,No Finding
00030557_000.jpg,NORMAL,39,F,30557,PA,No Finding
00030557_001.jpg,NORMAL,39,F,30557,PA,No Finding
00030589_000.jpg,NORMAL,25,M,30589,PA,No Finding
00030606_001.jpg,PNEUMOTHORAX,58,M,30606,AP,Pneumothorax
00030606_005.jpg,PNEUMOTHORAX,58,M,30606,PA,Pneumothorax
00030606_006.jpg,PNEUMOTHORAX,58,M,30606,PA,Emphysema|Pneumothorax
00030607_002.jpg,NORMAL,58,F,30607,AP,No Finding
00030627_000.jpg,NORMAL,24,F,30627,PA,No Finding
00030634_000.jpg,OTHER,60,F,30634,PA,Effusion
00030669_000.jpg,NORMAL,40,F,30669,PA,No Finding
00030709_000.jpg,NORMAL,48,M,30709,PA,No Finding
00030709_002.jpg,NORMAL,48,M,30709,AP,No Finding
00030741_000.jpg,NORMAL,63,M,30741,PA,No Finding
00030748_000.jpg,NORMAL,59,M,30748,AP,No Finding
00030762_000.jpg,NORMAL,30,M,30762,PA,No Finding
